"year","species","catch","type"
1950,"BLF",0,"ICCAT"
1950,"BLT",0,"ICCAT"
1950,"BON",0,"ICCAT"
1950,"BRS",0,"ICCAT"
1950,"DOL",0,"ICCAT"
1950,"FRI",0,"ICCAT"
1950,"KGM",0,"ICCAT"
1950,"LTA",0,"ICCAT"
1950,"WAH",0,"ICCAT"
1951,"BLF",0,"ICCAT"
1951,"BLT",0,"ICCAT"
1951,"BON",0,"ICCAT"
1951,"BRS",0,"ICCAT"
1951,"DOL",0,"ICCAT"
1951,"FRI",0,"ICCAT"
1951,"KGM",0,"ICCAT"
1951,"LTA",0,"ICCAT"
1951,"WAH",0,"ICCAT"
1952,"BLF",0,"ICCAT"
1952,"BLT",0,"ICCAT"
1952,"BON",0,"ICCAT"
1952,"BRS",0,"ICCAT"
1952,"DOL",0,"ICCAT"
1952,"FRI",0,"ICCAT"
1952,"KGM",0,"ICCAT"
1952,"LTA",0,"ICCAT"
1952,"WAH",0,"ICCAT"
1953,"BLF",0,"ICCAT"
1953,"BLT",0,"ICCAT"
1953,"BON",0,"ICCAT"
1953,"BRS",0,"ICCAT"
1953,"DOL",0,"ICCAT"
1953,"FRI",0,"ICCAT"
1953,"KGM",0,"ICCAT"
1953,"LTA",0,"ICCAT"
1953,"WAH",0,"ICCAT"
1954,"BLF",0,"ICCAT"
1954,"BLT",0,"ICCAT"
1954,"BON",0,"ICCAT"
1954,"BRS",0,"ICCAT"
1954,"DOL",0,"ICCAT"
1954,"FRI",0,"ICCAT"
1954,"KGM",0,"ICCAT"
1954,"LTA",0,"ICCAT"
1954,"WAH",0,"ICCAT"
1955,"BLF",0,"ICCAT"
1955,"BLT",0,"ICCAT"
1955,"BON",0,"ICCAT"
1955,"BRS",0,"ICCAT"
1955,"DOL",0,"ICCAT"
1955,"FRI",0,"ICCAT"
1955,"KGM",0,"ICCAT"
1955,"LTA",0,"ICCAT"
1955,"WAH",0,"ICCAT"
1956,"BLF",0,"ICCAT"
1956,"BLT",0,"ICCAT"
1956,"BON",0,"ICCAT"
1956,"BRS",0,"ICCAT"
1956,"DOL",0,"ICCAT"
1956,"FRI",0,"ICCAT"
1956,"KGM",0,"ICCAT"
1956,"LTA",0,"ICCAT"
1956,"WAH",0,"ICCAT"
1957,"BLF",0,"ICCAT"
1957,"BLT",0,"ICCAT"
1957,"BON",0,"ICCAT"
1957,"BRS",0,"ICCAT"
1957,"DOL",0,"ICCAT"
1957,"FRI",0,"ICCAT"
1957,"KGM",0,"ICCAT"
1957,"LTA",0,"ICCAT"
1957,"WAH",0,"ICCAT"
1958,"BLF",0,"ICCAT"
1958,"BLT",0,"ICCAT"
1958,"BON",0,"ICCAT"
1958,"BRS",433.5962,"ICCAT"
1958,"DOL",0,"ICCAT"
1958,"FRI",0,"ICCAT"
1958,"KGM",366.4038,"ICCAT"
1958,"LTA",0,"ICCAT"
1958,"WAH",0,"ICCAT"
1959,"BLF",0,"ICCAT"
1959,"BLT",0,"ICCAT"
1959,"BON",300,"ICCAT"
1959,"BRS",541.9952,"ICCAT"
1959,"DOL",0,"ICCAT"
1959,"FRI",0,"ICCAT"
1959,"KGM",458.0048,"ICCAT"
1959,"LTA",0,"ICCAT"
1959,"WAH",0,"ICCAT"
1960,"BLF",0,"ICCAT"
1960,"BLT",0,"ICCAT"
1960,"BON",100,"ICCAT"
1960,"BRS",379.3966,"ICCAT"
1960,"DOL",0,"ICCAT"
1960,"FRI",0,"ICCAT"
1960,"KGM",320.6034,"ICCAT"
1960,"LTA",0,"ICCAT"
1960,"WAH",0,"ICCAT"
1961,"BLF",0,"ICCAT"
1961,"BLT",0,"ICCAT"
1961,"BON",800,"ICCAT"
1961,"BRS",541.9952,"ICCAT"
1961,"DOL",0,"ICCAT"
1961,"FRI",0,"ICCAT"
1961,"KGM",458.0048,"ICCAT"
1961,"LTA",0,"ICCAT"
1961,"WAH",0,"ICCAT"
1962,"BLF",0,"ICCAT"
1962,"BLT",0,"ICCAT"
1962,"BON",3000,"ICCAT"
1962,"BRS",541.9952,"ICCAT"
1962,"DOL",0,"ICCAT"
1962,"FRI",0,"ICCAT"
1962,"KGM",458.0048,"ICCAT"
1962,"LTA",0,"ICCAT"
1962,"WAH",0,"ICCAT"
1963,"BLF",88,"ICCAT"
1963,"BLT",0,"ICCAT"
1963,"BON",1600,"ICCAT"
1963,"BRS",541.9952,"ICCAT"
1963,"DOL",0,"ICCAT"
1963,"FRI",0,"ICCAT"
1963,"KGM",458.0048,"ICCAT"
1963,"LTA",0,"ICCAT"
1963,"WAH",0,"ICCAT"
1964,"BLF",76,"ICCAT"
1964,"BLT",0,"ICCAT"
1964,"BON",800,"ICCAT"
1964,"BRS",596.1947,"ICCAT"
1964,"DOL",0,"ICCAT"
1964,"FRI",0,"ICCAT"
1964,"KGM",503.8053,"ICCAT"
1964,"LTA",0,"ICCAT"
1964,"WAH",0,"ICCAT"
1965,"BLF",112,"ICCAT"
1965,"BLT",0,"ICCAT"
1965,"BON",1400,"ICCAT"
1965,"BRS",596.1947,"ICCAT"
1965,"DOL",0,"ICCAT"
1965,"FRI",0,"ICCAT"
1965,"KGM",503.8053,"ICCAT"
1965,"LTA",0,"ICCAT"
1965,"WAH",0,"ICCAT"
1966,"BLF",62,"ICCAT"
1966,"BLT",0,"ICCAT"
1966,"BON",1500,"ICCAT"
1966,"BRS",704.5938,"ICCAT"
1966,"DOL",0,"ICCAT"
1966,"FRI",0,"ICCAT"
1966,"KGM",595.4062,"ICCAT"
1966,"LTA",0,"ICCAT"
1966,"WAH",0,"ICCAT"
1967,"BLF",96,"ICCAT"
1967,"BLT",0,"ICCAT"
1967,"BON",3400,"ICCAT"
1967,"BRS",812.9928,"ICCAT"
1967,"DOL",0,"ICCAT"
1967,"FRI",0,"ICCAT"
1967,"KGM",687.0072,"ICCAT"
1967,"LTA",0,"ICCAT"
1967,"WAH",0,"ICCAT"
1968,"BLF",83,"ICCAT"
1968,"BLT",0,"ICCAT"
1968,"BON",2500,"ICCAT"
1968,"BRS",867.1923,"ICCAT"
1968,"DOL",0,"ICCAT"
1968,"FRI",0,"ICCAT"
1968,"KGM",732.8077,"ICCAT"
1968,"LTA",0,"ICCAT"
1968,"WAH",0,"ICCAT"
1969,"BLF",53,"ICCAT"
1969,"BLT",0,"ICCAT"
1969,"BON",0,"ICCAT"
1969,"BRS",1625.9856,"ICCAT"
1969,"DOL",0,"ICCAT"
1969,"FRI",0,"ICCAT"
1969,"KGM",1374,"ICCAT"
1969,"LTA",0,"ICCAT"
1969,"WAH",0,"ICCAT"
1970,"BLF",52,"ICCAT"
1970,"BLT",0,"ICCAT"
1970,"BON",0,"ICCAT"
1970,"BRS",1868,"ICCAT"
1970,"DOL",0,"ICCAT"
1970,"FRI",0,"ICCAT"
1970,"KGM",1532,"ICCAT"
1970,"LTA",0,"ICCAT"
1970,"WAH",0,"ICCAT"
1971,"BLF",75,"ICCAT"
1971,"BLT",0,"ICCAT"
1971,"BON",0,"ICCAT"
1971,"BRS",1154,"ICCAT"
1971,"DOL",0,"ICCAT"
1971,"FRI",0,"ICCAT"
1971,"KGM",946,"ICCAT"
1971,"LTA",0,"ICCAT"
1971,"WAH",3,"ICCAT"
1972,"BLF",295,"ICCAT"
1972,"BLT",0,"ICCAT"
1972,"BON",0,"ICCAT"
1972,"BRS",2810,"ICCAT"
1972,"DOL",0,"ICCAT"
1972,"FRI",0,"ICCAT"
1972,"KGM",2532,"ICCAT"
1972,"LTA",0,"ICCAT"
1972,"WAH",3,"ICCAT"
1973,"BLF",296,"ICCAT"
1973,"BLT",0,"ICCAT"
1973,"BON",0,"ICCAT"
1973,"BRS",4446,"ICCAT"
1973,"DOL",0,"ICCAT"
1973,"FRI",0,"ICCAT"
1973,"KGM",3318,"ICCAT"
1973,"LTA",0,"ICCAT"
1973,"WAH",2,"ICCAT"
1974,"BLF",194,"ICCAT"
1974,"BLT",0,"ICCAT"
1974,"BON",0,"ICCAT"
1974,"BRS",6291,"ICCAT"
1974,"DOL",0,"ICCAT"
1974,"FRI",0,"ICCAT"
1974,"KGM",5162,"ICCAT"
1974,"LTA",0,"ICCAT"
1974,"WAH",3,"ICCAT"
1975,"BLF",123,"ICCAT"
1975,"BLT",0,"ICCAT"
1975,"BON",0,"ICCAT"
1975,"BRS",2664,"ICCAT"
1975,"DOL",0,"ICCAT"
1975,"FRI",0,"ICCAT"
1975,"KGM",2185,"ICCAT"
1975,"LTA",0,"ICCAT"
1975,"WAH",3,"ICCAT"
1976,"BLF",56,"ICCAT"
1976,"BLT",0,"ICCAT"
1976,"BON",0,"ICCAT"
1976,"BRS",283,"ICCAT"
1976,"DOL",0,"ICCAT"
1976,"FRI",0,"ICCAT"
1976,"KGM",546,"ICCAT"
1976,"LTA",0,"ICCAT"
1976,"WAH",9,"ICCAT"
1977,"BLF",273,"ICCAT"
1977,"BLT",0,"ICCAT"
1977,"BON",0,"ICCAT"
1977,"BRS",986,"ICCAT"
1977,"DOL",0,"ICCAT"
1977,"FRI",0,"ICCAT"
1977,"KGM",790,"ICCAT"
1977,"LTA",0,"ICCAT"
1977,"WAH",3,"ICCAT"
1978,"BLF",195,"ICCAT"
1978,"BLT",0,"ICCAT"
1978,"BON",0,"ICCAT"
1978,"BRS",1522,"ICCAT"
1978,"DOL",0,"ICCAT"
1978,"FRI",0,"ICCAT"
1978,"KGM",845,"ICCAT"
1978,"LTA",0,"ICCAT"
1978,"WAH",6,"ICCAT"
1979,"BLF",173,"ICCAT"
1979,"BLT",0,"ICCAT"
1979,"BON",0,"ICCAT"
1979,"BRS",1191,"ICCAT"
1979,"DOL",0,"ICCAT"
1979,"FRI",0,"ICCAT"
1979,"KGM",848,"ICCAT"
1979,"LTA",0,"ICCAT"
1979,"WAH",69,"ICCAT"
1980,"BLF",181,"ICCAT"
1980,"BLT",0,"ICCAT"
1980,"BON",0,"ICCAT"
1980,"BRS",2826,"ICCAT"
1980,"DOL",0,"ICCAT"
1980,"FRI",0,"ICCAT"
1980,"KGM",1598,"ICCAT"
1980,"LTA",0,"ICCAT"
1980,"WAH",1,"ICCAT"
1981,"BLF",85,"ICCAT"
1981,"BLT",0,"ICCAT"
1981,"BON",0,"ICCAT"
1981,"BRS",3466,"ICCAT"
1981,"DOL",0,"ICCAT"
1981,"FRI",0,"ICCAT"
1981,"KGM",1612,"ICCAT"
1981,"LTA",45,"ICCAT"
1981,"WAH",1,"ICCAT"
1982,"BLF",89.1,"ICCAT"
1982,"BLT",0,"ICCAT"
1982,"BON",0,"ICCAT"
1982,"BRS",4342,"ICCAT"
1982,"DOL",0,"ICCAT"
1982,"FRI",72,"ICCAT"
1982,"KGM",1929,"ICCAT"
1982,"LTA",10,"ICCAT"
1982,"WAH",0.4,"ICCAT"
1983,"BLF",57,"ICCAT"
1983,"BLT",0,"ICCAT"
1983,"BON",0,"ICCAT"
1983,"BRS",4511,"ICCAT"
1983,"DOL",0,"ICCAT"
1983,"FRI",11,"ICCAT"
1983,"KGM",2695,"ICCAT"
1983,"LTA",0,"ICCAT"
1983,"WAH",0.2,"ICCAT"
1984,"BLF",203,"ICCAT"
1984,"BLT",0,"ICCAT"
1984,"BON",187.3,"ICCAT"
1984,"BRS",6259,"ICCAT"
1984,"DOL",0,"ICCAT"
1984,"FRI",634,"ICCAT"
1984,"KGM",2588,"ICCAT"
1984,"LTA",765,"ICCAT"
1984,"WAH",0.3,"ICCAT"
1985,"BLF",133.1,"ICCAT"
1985,"BLT",0,"ICCAT"
1985,"BON",179,"ICCAT"
1985,"BRS",1504,"ICCAT"
1985,"DOL",0,"ICCAT"
1985,"FRI",623,"ICCAT"
1985,"KGM",806,"ICCAT"
1985,"LTA",785.3,"ICCAT"
1985,"WAH",21.4,"ICCAT"
1986,"BLF",172,"ICCAT"
1986,"BLT",0,"ICCAT"
1986,"BON",523,"ICCAT"
1986,"BRS",5011,"ICCAT"
1986,"DOL",0,"ICCAT"
1986,"FRI",941,"ICCAT"
1986,"KGM",2890,"ICCAT"
1986,"LTA",479,"ICCAT"
1986,"WAH",141,"ICCAT"
1987,"BLF",254,"ICCAT"
1987,"BLT",0,"ICCAT"
1987,"BON",345,"ICCAT"
1987,"BRS",4741,"ICCAT"
1987,"DOL",0,"ICCAT"
1987,"FRI",1260,"ICCAT"
1987,"KGM",2173,"ICCAT"
1987,"LTA",187,"ICCAT"
1987,"WAH",133,"ICCAT"
1988,"BLF",229,"ICCAT"
1988,"BLT",0,"ICCAT"
1988,"BON",214,"ICCAT"
1988,"BRS",5063,"ICCAT"
1988,"DOL",0,"ICCAT"
1988,"FRI",1904,"ICCAT"
1988,"KGM",2029,"ICCAT"
1988,"LTA",108,"ICCAT"
1988,"WAH",58.2,"ICCAT"
1989,"BLF",120,"ICCAT"
1989,"BLT",0,"ICCAT"
1989,"BON",273,"ICCAT"
1989,"BRS",5927,"ICCAT"
1989,"DOL",0,"ICCAT"
1989,"FRI",700,"ICCAT"
1989,"KGM",2102,"ICCAT"
1989,"LTA",74,"ICCAT"
1989,"WAH",92,"ICCAT"
1990,"BLF",335,"ICCAT"
1990,"BLT",0,"ICCAT"
1990,"BON",226.4,"ICCAT"
1990,"BRS",2767,"ICCAT"
1990,"DOL",0,"ICCAT"
1990,"FRI",592,"ICCAT"
1990,"KGM",2070,"ICCAT"
1990,"LTA",685,"ICCAT"
1990,"WAH",52,"ICCAT"
1991,"BLF",130,"ICCAT"
1991,"BLT",0,"ICCAT"
1991,"BON",71,"ICCAT"
1991,"BRS",1437,"ICCAT"
1991,"DOL",0,"ICCAT"
1991,"FRI",746,"ICCAT"
1991,"KGM",962,"ICCAT"
1991,"LTA",779,"ICCAT"
1991,"WAH",64,"ICCAT"
1992,"BLF",49,"ICCAT"
1992,"BLT",0,"ICCAT"
1992,"BON",86,"ICCAT"
1992,"BRS",1149,"ICCAT"
1992,"DOL",0,"ICCAT"
1992,"FRI",291,"ICCAT"
1992,"KGM",979,"ICCAT"
1992,"LTA",935,"ICCAT"
1992,"WAH",71.1,"ICCAT"
1993,"BLF",22,"ICCAT"
1993,"BLT",0,"ICCAT"
1993,"BON",142,"ICCAT"
1993,"BRS",842,"ICCAT"
1993,"DOL",0,"ICCAT"
1993,"FRI",608,"ICCAT"
1993,"KGM",1380,"ICCAT"
1993,"LTA",985,"ICCAT"
1993,"WAH",33,"ICCAT"
1994,"BLF",37.6,"ICCAT"
1994,"BLT",0,"ICCAT"
1994,"BON",142,"ICCAT"
1994,"BRS",1149,"ICCAT"
1994,"DOL",0,"ICCAT"
1994,"FRI",906,"ICCAT"
1994,"KGM",1365,"ICCAT"
1994,"LTA",1225,"ICCAT"
1994,"WAH",26.2,"ICCAT"
1995,"BLF",153,"ICCAT"
1995,"BLT",0,"ICCAT"
1995,"BON",137,"ICCAT"
1995,"BRS",1308,"ICCAT"
1995,"DOL",0,"ICCAT"
1995,"FRI",558,"ICCAT"
1995,"KGM",1328,"ICCAT"
1995,"LTA",1059,"ICCAT"
1995,"WAH",1,"ICCAT"
1996,"BLF",649,"ICCAT"
1996,"BLT",0,"ICCAT"
1996,"BON",0,"ICCAT"
1996,"BRS",3047,"ICCAT"
1996,"DOL",0,"ICCAT"
1996,"FRI",527,"ICCAT"
1996,"KGM",2890.1,"ICCAT"
1996,"LTA",834,"ICCAT"
1996,"WAH",16.3,"ICCAT"
1997,"BLF",418,"ICCAT"
1997,"BLT",0,"ICCAT"
1997,"BON",0,"ICCAT"
1997,"BRS",2125,"ICCAT"
1997,"DOL",0,"ICCAT"
1997,"FRI",215,"ICCAT"
1997,"KGM",2398,"ICCAT"
1997,"LTA",507,"ICCAT"
1997,"WAH",58,"ICCAT"
1998,"BLF",55,"ICCAT"
1998,"BLT",0,"ICCAT"
1998,"BON",0,"ICCAT"
1998,"BRS",1516,"ICCAT"
1998,"DOL",0,"ICCAT"
1998,"FRI",162,"ICCAT"
1998,"KGM",3595,"ICCAT"
1998,"LTA",920,"ICCAT"
1998,"WAH",41.2,"ICCAT"
1999,"BLF",55,"ICCAT"
1999,"BLT",0,"ICCAT"
1999,"BON",0,"ICCAT"
1999,"BRS",1516,"ICCAT"
1999,"DOL",0,"ICCAT"
1999,"FRI",166,"ICCAT"
1999,"KGM",3595,"ICCAT"
1999,"LTA",930,"ICCAT"
1999,"WAH",0,"ICCAT"
2000,"BLF",38,"ICCAT"
2000,"BLT",0,"ICCAT"
2000,"BON",0,"ICCAT"
2000,"BRS",988,"ICCAT"
2000,"DOL",0,"ICCAT"
2000,"FRI",106,"ICCAT"
2000,"KGM",2344,"ICCAT"
2000,"LTA",615,"ICCAT"
2000,"WAH",0,"ICCAT"
2001,"BLF",148.5,"ICCAT"
2001,"BLT",0,"ICCAT"
2001,"BON",0,"ICCAT"
2001,"BRS",250.8,"ICCAT"
2001,"DOL",0,"ICCAT"
2001,"FRI",97.7,"ICCAT"
2001,"KGM",1251.2,"ICCAT"
2001,"LTA",615,"ICCAT"
2001,"WAH",0,"ICCAT"
2002,"BLF",1669.2,"ICCAT"
2002,"BLT",0,"ICCAT"
2002,"BON",0,"ICCAT"
2002,"BRS",3070.8,"ICCAT"
2002,"DOL",0,"ICCAT"
2002,"FRI",1117.11,"ICCAT"
2002,"KGM",2315.8,"ICCAT"
2002,"LTA",615,"ICCAT"
2002,"WAH",0.159,"ICCAT"
2003,"BLF",1.2,"ICCAT"
2003,"BLT",0,"ICCAT"
2003,"BON",0,"ICCAT"
2003,"BRS",2881.2,"ICCAT"
2003,"DOL",2.04,"ICCAT"
2003,"FRI",860.4,"ICCAT"
2003,"KGM",3311,"ICCAT"
2003,"LTA",0,"ICCAT"
2003,"WAH",404.604,"ICCAT"
2004,"BLF",118,"ICCAT"
2004,"BLT",0,"ICCAT"
2004,"BON",0,"ICCAT"
2004,"BRS",813.852,"ICCAT"
2004,"DOL",2159.0223,"ICCAT"
2004,"FRI",413.8,"ICCAT"
2004,"KGM",246.612,"ICCAT"
2004,"LTA",320,"ICCAT"
2004,"WAH",519.3075,"ICCAT"
2005,"BLF",90.835,"ICCAT"
2005,"BLT",0,"ICCAT"
2005,"BON",90,"ICCAT"
2005,"BRS",471,"ICCAT"
2005,"DOL",2311.183,"ICCAT"
2005,"FRI",531.99,"ICCAT"
2005,"KGM",201.97,"ICCAT"
2005,"LTA",280,"ICCAT"
2005,"WAH",448.558,"ICCAT"
2006,"BLF",242.24,"ICCAT"
2006,"BLT",0,"ICCAT"
2006,"BON",0,"ICCAT"
2006,"BRS",1431.9,"ICCAT"
2006,"DOL",761.39,"ICCAT"
2006,"FRI",603.139,"ICCAT"
2006,"KGM",315.631,"ICCAT"
2006,"LTA",0,"ICCAT"
2006,"WAH",110.979,"ICCAT"
2007,"BLF",233.059183,"ICCAT"
2007,"BLT",0,"ICCAT"
2007,"BON",0,"ICCAT"
2007,"BRS",563.1877,"ICCAT"
2007,"DOL",4270.144102,"ICCAT"
2007,"FRI",202.400147,"ICCAT"
2007,"KGM",33.415,"ICCAT"
2007,"LTA",0,"ICCAT"
2007,"WAH",75.339569,"ICCAT"
2008,"BLF",266.39351,"ICCAT"
2008,"BLT",0,"ICCAT"
2008,"BON",0,"ICCAT"
2008,"BRS",1520.90543,"ICCAT"
2008,"DOL",472.011554,"ICCAT"
2008,"FRI",148.83,"ICCAT"
2008,"KGM",0.132563,"ICCAT"
2008,"LTA",0,"ICCAT"
2008,"WAH",76.057455,"ICCAT"
2009,"BLF",9.565,"ICCAT"
2009,"BLT",0,"ICCAT"
2009,"BON",0,"ICCAT"
2009,"BRS",1042.046565,"ICCAT"
2009,"DOL",4399.651,"ICCAT"
2009,"FRI",313.194,"ICCAT"
2009,"KGM",0,"ICCAT"
2009,"LTA",0,"ICCAT"
2009,"WAH",69.998,"ICCAT"
2010,"BLF",8.56161,"ICCAT"
2010,"BLT",0,"ICCAT"
2010,"BON",0,"ICCAT"
2010,"BRS",0,"ICCAT"
2010,"DOL",2898.83679,"ICCAT"
2010,"FRI",204.477,"ICCAT"
2010,"KGM",0.5742,"ICCAT"
2010,"LTA",0,"ICCAT"
2010,"WAH",19.33117,"ICCAT"
2011,"BLF",45.66106,"ICCAT"
2011,"BLT",0,"ICCAT"
2011,"BON",170.57982,"ICCAT"
2011,"BRS",2.77,"ICCAT"
2011,"DOL",4379.23162,"ICCAT"
2011,"FRI",347.466,"ICCAT"
2011,"KGM",0.57364,"ICCAT"
2011,"LTA",22,"ICCAT"
2011,"WAH",357.47848,"ICCAT"
2012,"BLF",123.68932,"ICCAT"
2012,"BLT",93.585,"ICCAT"
2012,"BON",0,"ICCAT"
2012,"BRS",0,"ICCAT"
2012,"DOL",640.7801,"ICCAT"
2012,"FRI",259.242,"ICCAT"
2012,"KGM",0,"ICCAT"
2012,"LTA",580.627,"ICCAT"
2012,"WAH",212.5021,"ICCAT"
2013,"BLF",109.822571,"ICCAT"
2013,"BLT",406.07013,"ICCAT"
2013,"BON",38.403,"ICCAT"
2013,"BRS",6.041,"ICCAT"
2013,"DOL",774.62242,"ICCAT"
2013,"FRI",227.407,"ICCAT"
2013,"KGM",0,"ICCAT"
2013,"LTA",0,"ICCAT"
2013,"WAH",477.46546,"ICCAT"
2014,"BLF",298.544,"ICCAT"
2014,"BLT",0,"ICCAT"
2014,"BON",0,"ICCAT"
2014,"BRS",2.299,"ICCAT"
2014,"DOL",762.498,"ICCAT"
2014,"FRI",292.823,"ICCAT"
2014,"KGM",0,"ICCAT"
2014,"LTA",0,"ICCAT"
2014,"WAH",153.204,"ICCAT"
2015,"BLF",324.88246,"ICCAT"
2015,"BLT",132.91102,"ICCAT"
2015,"BON",1.261,"ICCAT"
2015,"BRS",0.62837,"ICCAT"
2015,"DOL",1218.07217,"ICCAT"
2015,"FRI",308.11126,"ICCAT"
2015,"KGM",0,"ICCAT"
2015,"LTA",0,"ICCAT"
2015,"WAH",312.26498,"ICCAT"
2016,"BLF",227.61597,"ICCAT"
2016,"BLT",130.68833,"ICCAT"
2016,"BON",1.52,"ICCAT"
2016,"BRS",0.76,"ICCAT"
2016,"DOL",1461.43369,"ICCAT"
2016,"FRI",270.9323,"ICCAT"
2016,"KGM",0,"ICCAT"
2016,"LTA",0.271,"ICCAT"
2016,"WAH",403.76079,"ICCAT"
2017,"BLF",191.970044,"ICCAT"
2017,"BLT",34.402,"ICCAT"
2017,"BON",1.0394,"ICCAT"
2017,"BRS",0.6166,"ICCAT"
2017,"DOL",1995.828509,"ICCAT"
2017,"FRI",444.941708,"ICCAT"
2017,"KGM",0,"ICCAT"
2017,"LTA",0.226,"ICCAT"
2017,"WAH",321.797497,"ICCAT"
2018,"BLF",391.932,"ICCAT"
2018,"BLT",71.515,"ICCAT"
2018,"BON",22.631,"ICCAT"
2018,"BRS",0.9,"ICCAT"
2018,"DOL",1227.863,"ICCAT"
2018,"FRI",282.378,"ICCAT"
2018,"KGM",0.048,"ICCAT"
2018,"LTA",33.624,"ICCAT"
2018,"WAH",149.588,"ICCAT"
2019,"BLF",410.49,"ICCAT"
2019,"BLT",0,"ICCAT"
2019,"BON",15.47,"ICCAT"
2019,"BRS",135.46,"ICCAT"
2019,"DOL",875.24,"ICCAT"
2019,"FRI",108.98,"ICCAT"
2019,"KGM",189.51,"ICCAT"
2019,"LTA",0.39,"ICCAT"
2019,"WAH",23.49,"ICCAT"
2020,"BLF",819.523,"ICCAT"
2020,"BLT",0,"ICCAT"
2020,"BON",0.015,"ICCAT"
2020,"BRS",0,"ICCAT"
2020,"DOL",763.682,"ICCAT"
2020,"FRI",272.029,"ICCAT"
2020,"KGM",304.927,"ICCAT"
2020,"LTA",112.641,"ICCAT"
2020,"WAH",56.843,"ICCAT"
1950,"WAH",60.908,"FREIRE"
1950,"FRI",1.671,"FREIRE"
1950,"DOL",331.528,"FREIRE"
1950,"LTA",16.457,"FREIRE"
1950,"BON",648.037,"FREIRE"
1950,"BRS",1340.318,"FREIRE"
1950,"KGM",258.23,"FREIRE"
1950,"CER",1.17,"FREIRE"
1950,"BLF",27.639,"FREIRE"
1951,"WAH",64.595,"FREIRE"
1951,"FRI",1.853,"FREIRE"
1951,"DOL",304.191,"FREIRE"
1951,"LTA",19.27,"FREIRE"
1951,"BON",627.875,"FREIRE"
1951,"BRS",1232.21,"FREIRE"
1951,"KGM",264.766,"FREIRE"
1951,"CER",0.982,"FREIRE"
1951,"BLF",26.407,"FREIRE"
1952,"WAH",66.219,"FREIRE"
1952,"FRI",1.615,"FREIRE"
1952,"DOL",336.14,"FREIRE"
1952,"LTA",22.633,"FREIRE"
1952,"BON",611.539,"FREIRE"
1952,"BRS",1248.105,"FREIRE"
1952,"KGM",298.585,"FREIRE"
1952,"CER",1.185,"FREIRE"
1952,"BLF",24.001,"FREIRE"
1953,"WAH",71.973,"FREIRE"
1953,"FRI",2.265,"FREIRE"
1953,"DOL",345.045,"FREIRE"
1953,"LTA",19.64,"FREIRE"
1953,"BON",568.651,"FREIRE"
1953,"BRS",1286.378,"FREIRE"
1953,"KGM",266.012,"FREIRE"
1953,"CER",1.001,"FREIRE"
1953,"BLF",26.52,"FREIRE"
1954,"WAH",67.689,"FREIRE"
1954,"FRI",2.104,"FREIRE"
1954,"DOL",345.529,"FREIRE"
1954,"LTA",28.335,"FREIRE"
1954,"BON",524.956,"FREIRE"
1954,"BRS",1138.558,"FREIRE"
1954,"KGM",312.467,"FREIRE"
1954,"CER",1.178,"FREIRE"
1954,"BLF",23.272,"FREIRE"
1955,"WAH",66.769,"FREIRE"
1955,"FRI",2.36,"FREIRE"
1955,"DOL",358.365,"FREIRE"
1955,"LTA",34.313,"FREIRE"
1955,"BON",646.934,"FREIRE"
1955,"BRS",1254.79,"FREIRE"
1955,"KGM",439.539,"FREIRE"
1955,"CER",1.448,"FREIRE"
1955,"BLF",22.911,"FREIRE"
1956,"WAH",92.343,"FREIRE"
1956,"FRI",2.658,"FREIRE"
1956,"DOL",389.574,"FREIRE"
1956,"LTA",35.99,"FREIRE"
1956,"BON",577.197,"FREIRE"
1956,"BRS",1382.531,"FREIRE"
1956,"KGM",468.872,"FREIRE"
1956,"CER",1.897,"FREIRE"
1956,"BLF",34.044,"FREIRE"
1957,"WAH",101.733,"FREIRE"
1957,"FRI",2.727,"FREIRE"
1957,"DOL",425.282,"FREIRE"
1957,"LTA",39.872,"FREIRE"
1957,"BON",430.254,"FREIRE"
1957,"BRS",1616.455,"FREIRE"
1957,"KGM",484.983,"FREIRE"
1957,"CER",2.111,"FREIRE"
1957,"BLF",40.835,"FREIRE"
1958,"WAH",130.04,"FREIRE"
1958,"FRI",2.019,"FREIRE"
1958,"DOL",469.01,"FREIRE"
1958,"LTA",35.722,"FREIRE"
1958,"BON",425.559,"FREIRE"
1958,"BRS",1502.59,"FREIRE"
1958,"KGM",507.479,"FREIRE"
1958,"CER",2.291,"FREIRE"
1958,"BLF",64.248,"FREIRE"
1959,"WAH",135.075,"FREIRE"
1959,"FRI",2.123,"FREIRE"
1959,"DOL",549.766,"FREIRE"
1959,"LTA",45.618,"FREIRE"
1959,"BON",542.231,"FREIRE"
1959,"BRS",1733.763,"FREIRE"
1959,"KGM",630.539,"FREIRE"
1959,"CER",4.783,"FREIRE"
1959,"BLF",59.223,"FREIRE"
1960,"WAH",181.657,"FREIRE"
1960,"FRI",2.813,"FREIRE"
1960,"DOL",646.56,"FREIRE"
1960,"LTA",45.6,"FREIRE"
1960,"BON",562.689,"FREIRE"
1960,"BRS",1744.963,"FREIRE"
1960,"KGM",645.951,"FREIRE"
1960,"CER",4.627,"FREIRE"
1960,"BLF",91.275,"FREIRE"
1961,"WAH",133.933,"FREIRE"
1961,"FRI",7.672,"FREIRE"
1961,"DOL",679.812,"FREIRE"
1961,"LTA",68.849,"FREIRE"
1961,"BON",446.516,"FREIRE"
1961,"BRS",2007.154,"FREIRE"
1961,"KGM",763.281,"FREIRE"
1961,"CER",4.835,"FREIRE"
1961,"BLF",53.773,"FREIRE"
1962,"WAH",145.977,"FREIRE"
1962,"FRI",12.258,"FREIRE"
1962,"DOL",726.409,"FREIRE"
1962,"LTA",81.875,"FREIRE"
1962,"BON",949.819,"FREIRE"
1962,"BRS",3395.704,"FREIRE"
1962,"KGM",899.004,"FREIRE"
1962,"CER",3.113,"FREIRE"
1962,"BLF",64.058,"FREIRE"
1963,"WAH",198.339,"FREIRE"
1963,"FRI",16.957,"FREIRE"
1963,"DOL",866.871,"FREIRE"
1963,"LTA",108.208,"FREIRE"
1963,"BON",1048.672,"FREIRE"
1963,"BRS",2664.32,"FREIRE"
1963,"KGM",937.191,"FREIRE"
1963,"CER",3.762,"FREIRE"
1963,"BLF",80.593,"FREIRE"
1964,"WAH",186.414,"FREIRE"
1964,"FRI",10.769,"FREIRE"
1964,"DOL",1674.022,"FREIRE"
1964,"LTA",100.496,"FREIRE"
1964,"BON",1158.919,"FREIRE"
1964,"BRS",2660.82,"FREIRE"
1964,"KGM",882.80675,"FREIRE"
1964,"CER",3.587,"FREIRE"
1964,"BLF",97.126,"FREIRE"
1965,"WAH",174.975,"FREIRE"
1965,"FRI",11.681,"FREIRE"
1965,"DOL",1522.728,"FREIRE"
1965,"LTA",139.488,"FREIRE"
1965,"BON",1006.602,"FREIRE"
1965,"BRS",3036.535,"FREIRE"
1965,"KGM",819.0105,"FREIRE"
1965,"CER",5.456,"FREIRE"
1965,"BLF",113.652,"FREIRE"
1966,"WAH",171.281,"FREIRE"
1966,"FRI",21.173,"FREIRE"
1966,"DOL",1595.149,"FREIRE"
1966,"LTA",367.841,"FREIRE"
1966,"BON",988.077,"FREIRE"
1966,"BRS",3052.495,"FREIRE"
1966,"KGM",774.082,"FREIRE"
1966,"CER",4.311,"FREIRE"
1966,"BLF",130.335,"FREIRE"
1967,"WAH",147.824,"FREIRE"
1967,"FRI",41.991,"FREIRE"
1967,"DOL",1261.063,"FREIRE"
1967,"LTA",870.819,"FREIRE"
1967,"BON",1524.88,"FREIRE"
1967,"BRS",3491.9,"FREIRE"
1967,"KGM",1237.465,"FREIRE"
1967,"CER",5.89,"FREIRE"
1967,"BLF",197.048,"FREIRE"
1968,"WAH",126.598,"FREIRE"
1968,"FRI",23.616,"FREIRE"
1968,"DOL",1350.845,"FREIRE"
1968,"LTA",425.121,"FREIRE"
1968,"BON",1230.476,"FREIRE"
1968,"BRS",3592.637,"FREIRE"
1968,"KGM",1361.8,"FREIRE"
1968,"CER",3.303,"FREIRE"
1968,"BLF",199.764,"FREIRE"
1969,"WAH",126.077,"FREIRE"
1969,"FRI",24.383,"FREIRE"
1969,"DOL",1186.224,"FREIRE"
1969,"LTA",407.004,"FREIRE"
1969,"BON",854.256,"FREIRE"
1969,"BRS",3634.26,"FREIRE"
1969,"KGM",1613.33,"FREIRE"
1969,"CER",3.352,"FREIRE"
1969,"BLF",29.047,"FREIRE"
1970,"WAH",282.37,"FREIRE"
1970,"FRI",24.825,"FREIRE"
1970,"DOL",1714.126,"FREIRE"
1970,"LTA",410.577,"FREIRE"
1970,"BON",479.817,"FREIRE"
1970,"BRS",4293.086,"FREIRE"
1970,"KGM",2013.007,"FREIRE"
1970,"CER",3.261,"FREIRE"
1970,"BLF",116.414,"FREIRE"
1971,"WAH",265.864,"FREIRE"
1971,"FRI",28.466,"FREIRE"
1971,"DOL",1548.262,"FREIRE"
1971,"LTA",401.431,"FREIRE"
1971,"BON",434.743,"FREIRE"
1971,"BRS",4085.506,"FREIRE"
1971,"KGM",2024.61,"FREIRE"
1971,"CER",4.518,"FREIRE"
1971,"BLF",40.718,"FREIRE"
1972,"WAH",333.004,"FREIRE"
1972,"FRI",31.021,"FREIRE"
1972,"DOL",1935.459,"FREIRE"
1972,"LTA",395.481,"FREIRE"
1972,"BON",370.599,"FREIRE"
1972,"BRS",4298.688,"FREIRE"
1972,"KGM",2310.837,"FREIRE"
1972,"CER",4.485,"FREIRE"
1972,"BLF",159.111,"FREIRE"
1973,"WAH",275.728,"FREIRE"
1973,"FRI",43.993,"FREIRE"
1973,"DOL",2286.796,"FREIRE"
1973,"LTA",406.611,"FREIRE"
1973,"BON",333.585,"FREIRE"
1973,"BRS",4445.174,"FREIRE"
1973,"KGM",2218.927,"FREIRE"
1973,"CER",6.319,"FREIRE"
1973,"BLF",161.433,"FREIRE"
1974,"WAH",450.731,"FREIRE"
1974,"FRI",38.352,"FREIRE"
1974,"DOL",2432.136,"FREIRE"
1974,"LTA",468.017,"FREIRE"
1974,"BON",302.833,"FREIRE"
1974,"BRS",4157.364,"FREIRE"
1974,"KGM",2300.545,"FREIRE"
1974,"CER",3.907,"FREIRE"
1974,"BLF",105.922,"FREIRE"
1975,"WAH",397.638,"FREIRE"
1975,"FRI",35.4,"FREIRE"
1975,"DOL",2584.496,"FREIRE"
1975,"LTA",489.445,"FREIRE"
1975,"BON",271.808,"FREIRE"
1975,"BRS",8282.944,"FREIRE"
1975,"KGM",3134.22,"FREIRE"
1975,"CER",3.806,"FREIRE"
1975,"BLF",73.44,"FREIRE"
1976,"WAH",385.283,"FREIRE"
1976,"FRI",16.437,"FREIRE"
1976,"DOL",2343.882,"FREIRE"
1976,"LTA",384.634,"FREIRE"
1976,"BON",207.141,"FREIRE"
1976,"BRS",3818.071,"FREIRE"
1976,"KGM",1336.193,"FREIRE"
1976,"CER",2.582,"FREIRE"
1976,"BLF",82.757,"FREIRE"
1977,"WAH",493.186,"FREIRE"
1977,"FRI",40.46,"FREIRE"
1977,"DOL",3430.493,"FREIRE"
1977,"LTA",339.482,"FREIRE"
1977,"BON",393.448,"FREIRE"
1977,"BRS",3949.619,"FREIRE"
1977,"KGM",1730.25,"FREIRE"
1977,"CER",2.242,"FREIRE"
1977,"BLF",91.721,"FREIRE"
1978,"WAH",369.94,"FREIRE"
1978,"FRI",44.159,"FREIRE"
1978,"DOL",4677.133,"FREIRE"
1978,"LTA",501.3441,"FREIRE"
1978,"BON",284.734,"FREIRE"
1978,"BRS",6180.503,"FREIRE"
1978,"KGM",1930.356,"FREIRE"
1978,"CER",3.168,"FREIRE"
1978,"BLF",570.399,"FREIRE"
1979,"WAH",257.174,"FREIRE"
1979,"FRI",121.55,"FREIRE"
1979,"DOL",4191.408,"FREIRE"
1979,"LTA",628.091,"FREIRE"
1979,"BON",523.202,"FREIRE"
1979,"BRS",5044.56,"FREIRE"
1979,"KGM",1940.522,"FREIRE"
1979,"CER",3.16,"FREIRE"
1979,"BLF",252.045,"FREIRE"
1980,"WAH",228.048,"FREIRE"
1980,"FRI",240.453,"FREIRE"
1980,"DOL",4048.3,"FREIRE"
1980,"LTA",739.995,"FREIRE"
1980,"BON",453.013,"FREIRE"
1980,"BRS",4934.187,"FREIRE"
1980,"KGM",1528.822,"FREIRE"
1980,"CER",1.546,"FREIRE"
1980,"BLF",259.766,"FREIRE"
1981,"WAH",234.608,"FREIRE"
1981,"FRI",469.683,"FREIRE"
1981,"DOL",3849.604,"FREIRE"
1981,"LTA",1093.866,"FREIRE"
1981,"BON",496.023,"FREIRE"
1981,"BRS",5002.759,"FREIRE"
1981,"KGM",1537.964,"FREIRE"
1981,"CER",2.14,"FREIRE"
1981,"BLF",479.236,"FREIRE"
1982,"WAH",264.366,"FREIRE"
1982,"FRI",344.793,"FREIRE"
1982,"DOL",4235.657,"FREIRE"
1982,"LTA",904.707,"FREIRE"
1982,"BON",820.537,"FREIRE"
1982,"BRS",5982.782,"FREIRE"
1982,"KGM",1757.991,"FREIRE"
1982,"CER",2.786,"FREIRE"
1982,"BLF",339.728,"FREIRE"
1983,"WAH",300.861,"FREIRE"
1983,"FRI",230.79,"FREIRE"
1983,"DOL",4880.7,"FREIRE"
1983,"LTA",1233.681,"FREIRE"
1983,"BON",794.118,"FREIRE"
1983,"BRS",6030.402,"FREIRE"
1983,"KGM",2495.666,"FREIRE"
1983,"CER",4.723,"FREIRE"
1983,"BLF",241.802,"FREIRE"
1984,"WAH",353.121,"FREIRE"
1984,"FRI",163.563,"FREIRE"
1984,"DOL",7897.836,"FREIRE"
1984,"LTA",807.122,"FREIRE"
1984,"BON",1347.045,"FREIRE"
1984,"BRS",6578.976,"FREIRE"
1984,"KGM",2315.144,"FREIRE"
1984,"CER",4.621,"FREIRE"
1984,"BLF",461.874,"FREIRE"
1985,"WAH",497.408,"FREIRE"
1985,"FRI",198.999,"FREIRE"
1985,"DOL",7243.224,"FREIRE"
1985,"LTA",810.563,"FREIRE"
1985,"BON",879.921,"FREIRE"
1985,"BRS",5587.994,"FREIRE"
1985,"KGM",2625.269,"FREIRE"
1985,"CER",4.213,"FREIRE"
1985,"BLF",733.935,"FREIRE"
1986,"WAH",414.009,"FREIRE"
1986,"FRI",208.307,"FREIRE"
1986,"DOL",7014.632,"FREIRE"
1986,"LTA",1102.479,"FREIRE"
1986,"BON",1111.198,"FREIRE"
1986,"BRS",5700.893,"FREIRE"
1986,"KGM",2543.54,"FREIRE"
1986,"CER",2.752,"FREIRE"
1986,"BLF",620.779,"FREIRE"
1987,"WAH",230.423,"FREIRE"
1987,"FRI",229.761,"FREIRE"
1987,"DOL",5885.207,"FREIRE"
1987,"LTA",1269.568,"FREIRE"
1987,"BON",1215.096,"FREIRE"
1987,"BRS",5520.627,"FREIRE"
1987,"KGM",1993.89,"FREIRE"
1987,"CER",2.131,"FREIRE"
1987,"BLF",706.581,"FREIRE"
1988,"WAH",1842.544,"FREIRE"
1988,"FRI",166.927,"FREIRE"
1988,"DOL",4577.294,"FREIRE"
1988,"LTA",655.438,"FREIRE"
1988,"BON",883.376,"FREIRE"
1988,"BRS",6128.112,"FREIRE"
1988,"KGM",1942.698,"FREIRE"
1988,"CER",2.28,"FREIRE"
1988,"BLF",601.337,"FREIRE"
1989,"WAH",162.935,"FREIRE"
1989,"FRI",247.554,"FREIRE"
1989,"DOL",3393.781,"FREIRE"
1989,"LTA",704.325,"FREIRE"
1989,"BON",780.406,"FREIRE"
1989,"BRS",7133.379,"FREIRE"
1989,"KGM",2065.729,"FREIRE"
1989,"CER",2.701,"FREIRE"
1989,"BLF",558.523,"FREIRE"
1990,"WAH",166.94,"FREIRE"
1990,"FRI",348.765,"FREIRE"
1990,"DOL",3559.362,"FREIRE"
1990,"LTA",703.685,"FREIRE"
1990,"BON",713.729,"FREIRE"
1990,"BRS",6970.470571,"FREIRE"
1990,"KGM",2120.465,"FREIRE"
1990,"CER",2.837,"FREIRE"
1990,"BLF",201.652,"FREIRE"
1991,"WAH",171.942,"FREIRE"
1991,"FRI",429.279,"FREIRE"
1991,"DOL",3690.972,"FREIRE"
1991,"LTA",930.839,"FREIRE"
1991,"BON",695.929,"FREIRE"
1991,"BRS",7520.700143,"FREIRE"
1991,"KGM",2261.551,"FREIRE"
1991,"CER",3.023,"FREIRE"
1991,"BLF",288.618,"FREIRE"
1992,"WAH",176.947,"FREIRE"
1992,"FRI",468.412,"FREIRE"
1992,"DOL",3893.814,"FREIRE"
1992,"LTA",1302.111,"FREIRE"
1992,"BON",676.511,"FREIRE"
1992,"BRS",7005.170714,"FREIRE"
1992,"KGM",2155.068,"FREIRE"
1992,"CER",3.211,"FREIRE"
1992,"BLF",436.597,"FREIRE"
1993,"WAH",181.949,"FREIRE"
1993,"FRI",528.448,"FREIRE"
1993,"DOL",4019.275,"FREIRE"
1993,"LTA",1175.144,"FREIRE"
1993,"BON",655.615,"FREIRE"
1993,"BRS",6492.762286,"FREIRE"
1993,"KGM",2677.294,"FREIRE"
1993,"CER",3.398,"FREIRE"
1993,"BLF",534.713,"FREIRE"
1994,"WAH",167.152,"FREIRE"
1994,"FRI",594.874,"FREIRE"
1994,"DOL",4196.647,"FREIRE"
1994,"LTA",1284.189,"FREIRE"
1994,"BON",636.245,"FREIRE"
1994,"BRS",6721.168857,"FREIRE"
1994,"KGM",2803.014,"FREIRE"
1994,"CER",3.584,"FREIRE"
1994,"BLF",383.828,"FREIRE"
1995,"WAH",155.03,"FREIRE"
1995,"FRI",626.886,"FREIRE"
1995,"DOL",4582.791,"FREIRE"
1995,"LTA",1736.616,"FREIRE"
1995,"BON",656.806,"FREIRE"
1995,"BRS",6783.042429,"FREIRE"
1995,"KGM",2767.848,"FREIRE"
1995,"CER",3.771,"FREIRE"
1995,"BLF",293.211,"FREIRE"
1996,"WAH",324.695,"FREIRE"
1996,"FRI",785.625,"FREIRE"
1996,"DOL",3766.755,"FREIRE"
1996,"LTA",1391.552,"FREIRE"
1996,"BON",1019.815,"FREIRE"
1996,"BRS",8235.257,"FREIRE"
1996,"KGM",3130.114,"FREIRE"
1996,"CER",5.436,"FREIRE"
1996,"BLF",345.097,"FREIRE"
1997,"WAH",240.374,"FREIRE"
1997,"FRI",342.75,"FREIRE"
1997,"DOL",5293.281,"FREIRE"
1997,"LTA",1480.503,"FREIRE"
1997,"BON",735.311,"FREIRE"
1997,"BRS",6808.476,"FREIRE"
1997,"KGM",3734.829,"FREIRE"
1997,"CER",6.744,"FREIRE"
1997,"BLF",173.813,"FREIRE"
1998,"WAH",239.515,"FREIRE"
1998,"FRI",226.025,"FREIRE"
1998,"DOL",4872.7,"FREIRE"
1998,"LTA",911.643,"FREIRE"
1998,"BON",636.038,"FREIRE"
1998,"BRS",6352.68,"FREIRE"
1998,"KGM",4111.559,"FREIRE"
1998,"CER",4.961,"FREIRE"
1998,"BLF",346.159,"FREIRE"
1999,"WAH",359.36,"FREIRE"
1999,"FRI",349.425,"FREIRE"
1999,"DOL",3748.578,"FREIRE"
1999,"LTA",1148.338,"FREIRE"
1999,"BON",1771.923,"FREIRE"
1999,"BRS",13735.912,"FREIRE"
1999,"KGM",3945.257,"FREIRE"
1999,"CER",6.252,"FREIRE"
1999,"BLF",433.18,"FREIRE"
2000,"WAH",414.434,"FREIRE"
2000,"FRI",348.35,"FREIRE"
2000,"DOL",5126.033,"FREIRE"
2000,"LTA",573.157,"FREIRE"
2000,"BON",2543.514,"FREIRE"
2000,"BRS",11332.058,"FREIRE"
2000,"KGM",3421.114,"FREIRE"
2000,"CER",6.099,"FREIRE"
2000,"BLF",557.705,"FREIRE"
2001,"WAH",358.913,"FREIRE"
2001,"FRI",246.755,"FREIRE"
2001,"DOL",5254.044,"FREIRE"
2001,"LTA",1104.143,"FREIRE"
2001,"BON",768.411,"FREIRE"
2001,"BRS",9755.367,"FREIRE"
2001,"KGM",2725.36,"FREIRE"
2001,"CER",9.48,"FREIRE"
2001,"BLF",562.752,"FREIRE"
2002,"WAH",351.995,"FREIRE"
2002,"FRI",353.718,"FREIRE"
2002,"DOL",6431.808,"FREIRE"
2002,"LTA",874.895,"FREIRE"
2002,"BON",1481.054,"FREIRE"
2002,"BRS",10755.422,"FREIRE"
2002,"KGM",3248.445,"FREIRE"
2002,"CER",8.341,"FREIRE"
2002,"BLF",811.643,"FREIRE"
2003,"WAH",491.514,"FREIRE"
2003,"FRI",1093.874,"FREIRE"
2003,"DOL",8724.013,"FREIRE"
2003,"LTA",883.001,"FREIRE"
2003,"BON",1458.77,"FREIRE"
2003,"BRS",10178.79,"FREIRE"
2003,"KGM",3947.845,"FREIRE"
2003,"CER",7.713,"FREIRE"
2003,"BLF",524.052,"FREIRE"
2004,"WAH",609.315,"FREIRE"
2004,"FRI",487.724,"FREIRE"
2004,"DOL",7588.247,"FREIRE"
2004,"LTA",895.978,"FREIRE"
2004,"BON",1102.434,"FREIRE"
2004,"BRS",10126.258,"FREIRE"
2004,"KGM",4170.944,"FREIRE"
2004,"CER",6.914,"FREIRE"
2004,"BLF",493.006,"FREIRE"
2005,"WAH",838.385,"FREIRE"
2005,"FRI",488.947,"FREIRE"
2005,"DOL",7962.801,"FREIRE"
2005,"LTA",967.076,"FREIRE"
2005,"BON",1215.389,"FREIRE"
2005,"BRS",10405.147,"FREIRE"
2005,"KGM",4256.104,"FREIRE"
2005,"CER",8.969,"FREIRE"
2005,"BLF",475.221,"FREIRE"
2006,"WAH",524.866,"FREIRE"
2006,"FRI",523.505,"FREIRE"
2006,"DOL",9507.632,"FREIRE"
2006,"LTA",1066.542,"FREIRE"
2006,"BON",1381.388,"FREIRE"
2006,"BRS",10977.556,"FREIRE"
2006,"KGM",3851.096,"FREIRE"
2006,"CER",13.047,"FREIRE"
2006,"BLF",500.221,"FREIRE"
2007,"WAH",451.36,"FREIRE"
2007,"FRI",1107.429,"FREIRE"
2007,"DOL",9665.909,"FREIRE"
2007,"LTA",998.174,"FREIRE"
2007,"BON",920.808,"FREIRE"
2007,"BRS",8557.534,"FREIRE"
2007,"KGM",3269.1,"FREIRE"
2007,"CER",11.994,"FREIRE"
2007,"BLF",408.845,"FREIRE"
2008,"WAH",437.668,"FREIRE"
2008,"FRI",178.803,"FREIRE"
2008,"DOL",7263.212,"FREIRE"
2008,"LTA",650.965,"FREIRE"
2008,"BON",1111.563,"FREIRE"
2008,"BRS",9856.61,"FREIRE"
2008,"KGM",3662.167,"FREIRE"
2008,"CER",11.337,"FREIRE"
2008,"BLF",311.004,"FREIRE"
2009,"WAH",426.635,"FREIRE"
2009,"FRI",279.144,"FREIRE"
2009,"DOL",6801.211,"FREIRE"
2009,"LTA",682.815,"FREIRE"
2009,"BON",1003.412,"FREIRE"
2009,"BRS",9948.716,"FREIRE"
2009,"KGM",3677.445,"FREIRE"
2009,"CER",12.126,"FREIRE"
2009,"BLF",229.7735,"FREIRE"
2010,"WAH",370.028,"FREIRE"
2010,"FRI",294.267,"FREIRE"
2010,"DOL",7857.757,"FREIRE"
2010,"LTA",929.638,"FREIRE"
2010,"BON",943.142,"FREIRE"
2010,"BRS",9509.864,"FREIRE"
2010,"KGM",3608.797,"FREIRE"
2010,"CER",11.819,"FREIRE"
2010,"BLF",320.837,"FREIRE"
2011,"WAH",402.424,"FREIRE"
2011,"FRI",628.248,"FREIRE"
2011,"DOL",7261.126,"FREIRE"
2011,"LTA",1160.528,"FREIRE"
2011,"BON",1059.973,"FREIRE"
2011,"BRS",9875.49,"FREIRE"
2011,"KGM",3667.844,"FREIRE"
2011,"CER",11.761,"FREIRE"
2011,"BLF",540.029,"FREIRE"
2012,"WAH",328.991,"FREIRE"
2012,"FRI",294.451,"FREIRE"
2012,"DOL",6377.969,"FREIRE"
2012,"LTA",859.879,"FREIRE"
2012,"BON",1041.519,"FREIRE"
2012,"BRS",9604.771,"FREIRE"
2012,"KGM",3476.486,"FREIRE"
2012,"CER",11.901,"FREIRE"
2012,"BLF",1058.408,"FREIRE"
2013,"WAH",323.388,"FREIRE"
2013,"FRI",176.939,"FREIRE"
2013,"DOL",6409.209,"FREIRE"
2013,"LTA",620.02,"FREIRE"
2013,"BON",979.214,"FREIRE"
2013,"BRS",9734.018,"FREIRE"
2013,"KGM",3410.417,"FREIRE"
2013,"CER",11.827,"FREIRE"
2013,"BLF",652.392,"FREIRE"
2014,"WAH",303.508,"FREIRE"
2014,"FRI",388.33,"FREIRE"
2014,"DOL",7113.726,"FREIRE"
2014,"LTA",757.139,"FREIRE"
2014,"BON",990.814,"FREIRE"
2014,"BRS",9751.518,"FREIRE"
2014,"KGM",3675.581,"FREIRE"
2014,"CER",11.83,"FREIRE"
2014,"BLF",913.148,"FREIRE"
2015,"WAH",215.532,"FREIRE"
2015,"FRI",456.596,"FREIRE"
2015,"DOL",6872.88,"FREIRE"
2015,"LTA",747.867,"FREIRE"
2015,"BON",1003.084,"FREIRE"
2015,"BRS",9620.056,"FREIRE"
2015,"KGM",3524.253,"FREIRE"
2015,"CER",11.853,"FREIRE"
2015,"BLF",561.825,"FREIRE"
2016,"WAH",0,"FREIRE"
2016,"FRI",0,"FREIRE"
2016,"DOL",0,"FREIRE"
2016,"LTA",0,"FREIRE"
2016,"BON",0,"FREIRE"
2016,"BRS",0,"FREIRE"
2016,"KGM",0,"FREIRE"
2016,"CER",0,"FREIRE"
2016,"BLF",0,"FREIRE"
2017,"WAH",0,"FREIRE"
2017,"FRI",0,"FREIRE"
2017,"DOL",0,"FREIRE"
2017,"LTA",0,"FREIRE"
2017,"BON",0,"FREIRE"
2017,"BRS",0,"FREIRE"
2017,"KGM",0,"FREIRE"
2017,"CER",0,"FREIRE"
2017,"BLF",0,"FREIRE"
2018,"WAH",0,"FREIRE"
2018,"FRI",0,"FREIRE"
2018,"DOL",0,"FREIRE"
2018,"LTA",0,"FREIRE"
2018,"BON",0,"FREIRE"
2018,"BRS",0,"FREIRE"
2018,"KGM",0,"FREIRE"
2018,"CER",0,"FREIRE"
2018,"BLF",0,"FREIRE"
2019,"WAH",0,"FREIRE"
2019,"FRI",0,"FREIRE"
2019,"DOL",0,"FREIRE"
2019,"LTA",0,"FREIRE"
2019,"BON",0,"FREIRE"
2019,"BRS",0,"FREIRE"
2019,"KGM",0,"FREIRE"
2019,"CER",0,"FREIRE"
2019,"BLF",0,"FREIRE"
2020,"WAH",0,"FREIRE"
2020,"FRI",0,"FREIRE"
2020,"DOL",0,"FREIRE"
2020,"LTA",0,"FREIRE"
2020,"BON",0,"FREIRE"
2020,"BRS",0,"FREIRE"
2020,"KGM",0,"FREIRE"
2020,"CER",0,"FREIRE"
2020,"BLF",0,"FREIRE"
2000,"BLF",0,"PMAP"
2000,"BON",0,"PMAP"
2000,"BRS",53.057,"PMAP"
2000,"DOL",531.403,"PMAP"
2000,"FRI",1182.639,"PMAP"
2000,"KGM",6.494,"PMAP"
2000,"LTA",0,"PMAP"
2000,"WAH",0,"PMAP"
2001,"BLF",0,"PMAP"
2001,"BON",0,"PMAP"
2001,"BRS",17.204,"PMAP"
2001,"DOL",4127.005,"PMAP"
2001,"FRI",1633.921,"PMAP"
2001,"KGM",4.539,"PMAP"
2001,"LTA",0,"PMAP"
2001,"WAH",0,"PMAP"
2002,"BLF",0,"PMAP"
2002,"BON",0,"PMAP"
2002,"BRS",165.019,"PMAP"
2002,"DOL",3284.61998,"PMAP"
2002,"FRI",3259.223,"PMAP"
2002,"KGM",0.17,"PMAP"
2002,"LTA",0,"PMAP"
2002,"WAH",0,"PMAP"
2003,"BLF",20.4,"PMAP"
2003,"BON",0,"PMAP"
2003,"BRS",27.761,"PMAP"
2003,"DOL",12093.97,"PMAP"
2003,"FRI",15657.289,"PMAP"
2003,"KGM",9.656,"PMAP"
2003,"LTA",0,"PMAP"
2003,"WAH",0,"PMAP"
2004,"BLF",0,"PMAP"
2004,"BON",0,"PMAP"
2004,"BRS",136.884,"PMAP"
2004,"DOL",5521.8261,"PMAP"
2004,"FRI",5345.2029,"PMAP"
2004,"KGM",35.224,"PMAP"
2004,"LTA",114.58,"PMAP"
2004,"WAH",0,"PMAP"
2005,"BLF",0,"PMAP"
2005,"BON",0,"PMAP"
2005,"BRS",5.1,"PMAP"
2005,"DOL",4851.443,"PMAP"
2005,"FRI",5233.382,"PMAP"
2005,"KGM",22.236,"PMAP"
2005,"LTA",3.4,"PMAP"
2005,"WAH",0,"PMAP"
2006,"BLF",0,"PMAP"
2006,"BON",0,"PMAP"
2006,"BRS",165.495,"PMAP"
2006,"DOL",10202.584,"PMAP"
2006,"FRI",5222.128,"PMAP"
2006,"KGM",11.101,"PMAP"
2006,"LTA",0,"PMAP"
2006,"WAH",0,"PMAP"
2007,"BLF",5.287,"PMAP"
2007,"BON",0,"PMAP"
2007,"BRS",21.964,"PMAP"
2007,"DOL",6821.60734,"PMAP"
2007,"FRI",6668.47321,"PMAP"
2007,"KGM",0.255,"PMAP"
2007,"LTA",25.5,"PMAP"
2007,"WAH",0,"PMAP"
2008,"BLF",34,"PMAP"
2008,"BON",0,"PMAP"
2008,"BRS",7.514,"PMAP"
2008,"DOL",11441.136,"PMAP"
2008,"FRI",2573.545,"PMAP"
2008,"KGM",0.969,"PMAP"
2008,"LTA",0,"PMAP"
2008,"WAH",0,"PMAP"
2009,"BLF",214.914,"PMAP"
2009,"BON",3.4,"PMAP"
2009,"BRS",32.028,"PMAP"
2009,"DOL",8085.506,"PMAP"
2009,"FRI",4420.561,"PMAP"
2009,"KGM",0.765,"PMAP"
2009,"LTA",0,"PMAP"
2009,"WAH",0,"PMAP"
2010,"BLF",515.1,"PMAP"
2010,"BON",0.187,"PMAP"
2010,"BRS",0,"PMAP"
2010,"DOL",9841.776,"PMAP"
2010,"FRI",4569.753,"PMAP"
2010,"KGM",3.74,"PMAP"
2010,"LTA",0,"PMAP"
2010,"WAH",0,"PMAP"
2011,"BLF",766.7,"PMAP"
2011,"BON",0,"PMAP"
2011,"BRS",126.259,"PMAP"
2011,"DOL",7801.334,"PMAP"
2011,"FRI",5872.361,"PMAP"
2011,"KGM",48.875,"PMAP"
2011,"LTA",374,"PMAP"
2011,"WAH",0,"PMAP"
2012,"BLF",2133.619,"PMAP"
2012,"BON",0,"PMAP"
2012,"BRS",43.299,"PMAP"
2012,"DOL",18648.439,"PMAP"
2012,"FRI",2738.037,"PMAP"
2012,"KGM",92.65,"PMAP"
2012,"LTA",11.22,"PMAP"
2012,"WAH",0,"PMAP"
2013,"BLF",161.5,"PMAP"
2013,"BON",0,"PMAP"
2013,"BRS",179.979,"PMAP"
2013,"DOL",4098.564,"PMAP"
2013,"FRI",1261.417,"PMAP"
2013,"KGM",3.043,"PMAP"
2013,"LTA",0,"PMAP"
2013,"WAH",0,"PMAP"
2014,"BLF",193.749,"PMAP"
2014,"BON",0,"PMAP"
2014,"BRS",7.99,"PMAP"
2014,"DOL",3800.673,"PMAP"
2014,"FRI",608.804,"PMAP"
2014,"KGM",1.598,"PMAP"
2014,"LTA",0,"PMAP"
2014,"WAH",0,"PMAP"
2015,"BLF",35.7,"PMAP"
2015,"BON",0,"PMAP"
2015,"BRS",0,"PMAP"
2015,"DOL",179.86,"PMAP"
2015,"FRI",218.161,"PMAP"
2015,"KGM",0,"PMAP"
2015,"LTA",0,"PMAP"
2015,"WAH",0,"PMAP"
2016,"BLF",148.0496,"PMAP"
2016,"BON",6.8,"PMAP"
2016,"BRS",346.715,"PMAP"
2016,"DOL",2479.331,"PMAP"
2016,"FRI",929.492,"PMAP"
2016,"KGM",32.317,"PMAP"
2016,"LTA",15.3935,"PMAP"
2016,"WAH",0,"PMAP"
2017,"BLF",526.8555,"PMAP"
2017,"BON",66.368,"PMAP"
2017,"BRS",5352.467,"PMAP"
2017,"DOL",12101.1236,"PMAP"
2017,"FRI",1153.2885,"PMAP"
2017,"KGM",436.458,"PMAP"
2017,"LTA",158.134,"PMAP"
2017,"WAH",0,"PMAP"
2018,"BLF",2129.2925,"PMAP"
2018,"BON",35.241,"PMAP"
2018,"BRS",13341.311,"PMAP"
2018,"DOL",1499.74,"PMAP"
2018,"FRI",1447.465,"PMAP"
2018,"KGM",202.3,"PMAP"
2018,"LTA",366.078,"PMAP"
2018,"WAH",0,"PMAP"
2019,"BLF",3123.937,"PMAP"
2019,"BON",0.918,"PMAP"
2019,"BRS",12102.963,"PMAP"
2019,"DOL",5748.074,"PMAP"
2019,"FRI",11315.1575,"PMAP"
2019,"KGM",46.461,"PMAP"
2019,"LTA",680.714,"PMAP"
2019,"WAH",0,"PMAP"
2020,"BLF",12308.9197,"PMAP"
2020,"BON",0.221,"PMAP"
2020,"BRS",0,"PMAP"
2020,"DOL",576.13,"PMAP"
2020,"FRI",1170.212,"PMAP"
2020,"KGM",10.149,"PMAP"
2020,"LTA",303.722,"PMAP"
2020,"WAH",7.225,"PMAP"
2021,"BLF",15233.39683,"PMAP"
2021,"BON",0,"PMAP"
2021,"BRS",0,"PMAP"
2021,"DOL",4170.864,"PMAP"
2021,"FRI",839.674,"PMAP"
2021,"KGM",5.92,"PMAP"
2021,"LTA",142.8885,"PMAP"
2021,"WAH",1.04,"PMAP"
2022,"BLF",32,"PMAP"
2022,"BON",0,"PMAP"
2022,"BRS",0,"PMAP"
2022,"DOL",771.76,"PMAP"
2022,"FRI",0,"PMAP"
2022,"KGM",5.456,"PMAP"
2022,"LTA",416,"PMAP"
2022,"WAH",0,"PMAP"
